<?xml version="1.0" encoding="UTF-8"?>
<project-private xmlns="http://www.netbeans.org/ns/project-private/1">
    <editor-bookmarks xmlns="http://www.netbeans.org/ns/editor-bookmarks/2" lastBookmarkId="0"/>
    <open-files xmlns="http://www.netbeans.org/ns/projectui-open-files/2">
        <group>
            <file>file:/home/reroes/Documentos/clasesUTPLabril-agosto2020/POO-presencial/segundo-bimestre/clase14-2/ejercicios-clase-06-2bim/EjercicioJUnit/src/paqueteuno/EstudiantePresencial.java</file>
            <file>file:/home/reroes/Documentos/clasesUTPLabril-agosto2020/POO-presencial/segundo-bimestre/clase14-2/ejercicios-clase-06-2bim/EjercicioJUnit/src/paquetedos/ArriendoLocalComida.java</file>
            <file>file:/home/reroes/Documentos/clasesUTPLabril-agosto2020/POO-presencial/segundo-bimestre/clase14-2/ejercicios-clase-06-2bim/EjercicioJUnit/test/paquetedos/ArriendoLocalComidaTest.java</file>
            <file>file:/home/reroes/Documentos/clasesUTPLabril-agosto2020/POO-presencial/segundo-bimestre/clase14-2/ejercicios-clase-06-2bim/EjercicioJUnit/test/paqueteuno/EstudianteTest.java</file>
            <file>file:/home/reroes/Documentos/clasesUTPLabril-agosto2020/POO-presencial/segundo-bimestre/clase14-2/ejercicios-clase-06-2bim/EjercicioJUnit/src/paqueteuno/EstudianteDistancia.java</file>
            <file>file:/home/reroes/Documentos/clasesUTPLabril-agosto2020/POO-presencial/segundo-bimestre/clase14-2/ejercicios-clase-06-2bim/EjercicioJUnit/src/paquetedos/Arriendo.java</file>
            <file>file:/home/reroes/Documentos/clasesUTPLabril-agosto2020/POO-presencial/segundo-bimestre/clase14-2/ejercicios-clase-06-2bim/EjercicioJUnit/src/paqueteuno/Estudiante.java</file>
            <file>file:/home/reroes/Documentos/clasesUTPLabril-agosto2020/POO-presencial/segundo-bimestre/clase14-2/ejercicios-clase-06-2bim/EjercicioJUnit/test/paqueteuno/EstudianteDistanciaTest.java</file>
            <file>file:/home/reroes/Documentos/clasesUTPLabril-agosto2020/POO-presencial/segundo-bimestre/clase14-2/ejercicios-clase-06-2bim/EjercicioJUnit/src/paquetedos/ArriendoLocalComercial.java</file>
            <file>file:/home/reroes/Documentos/clasesUTPLabril-agosto2020/POO-presencial/segundo-bimestre/clase14-2/ejercicios-clase-06-2bim/EjercicioJUnit/src/paquetedos/ArriendoLocalSesiones.java</file>
            <file>file:/home/reroes/Documentos/clasesUTPLabril-agosto2020/POO-presencial/segundo-bimestre/clase14-2/ejercicios-clase-06-2bim/EjercicioJUnit/test/paquetedos/ArriendoTest.java</file>
            <file>file:/home/reroes/Documentos/clasesUTPLabril-agosto2020/POO-presencial/segundo-bimestre/clase14-2/ejercicios-clase-06-2bim/EjercicioJUnit/src/paqueteuno/Docente.java</file>
            <file>file:/home/reroes/Documentos/clasesUTPLabril-agosto2020/POO-presencial/segundo-bimestre/clase14-2/ejercicios-clase-06-2bim/EjercicioJUnit/test/paqueteuno/DocenteTest.java</file>
        </group>
    </open-files>
</project-private>
